<metadata xml:lang="en"><Esri><CreaDate>20131217</CreaDate><CreaTime>16505200</CreaTime><ArcGISFormat>1.0</ArcGISFormat><ArcGISstyle>FGDC CSDGM Metadata</ArcGISstyle><SyncOnce>FALSE</SyncOnce><DataProperties><lineage><Process ToolSource="c:\arcgis\desktop10.1\ArcToolbox\Toolboxes\Data Management Tools.tbx\CalculateField" Date="20131217" Time="165052" Name="" export="">CalculateField LU78287GT_Moon2000 Radius_deg [Radius_km] VB #</Process><Process ToolSource="c:\arcgis\desktop10.1\ArcToolbox\Toolboxes\Data Management Tools.tbx\CalculateField" Date="20131217" Time="165209" Name="" export="">CalculateField LU78287GT_Moon2000 Radius_km "[Radius_deg] * 15.16167521" VB #</Process><Process ToolSource="c:\arcgis\desktop10.1\ArcToolbox\Toolboxes\Data Management Tools.tbx\CalculateField" Date="20131217" Time="165639" Name="" export="">CalculateField LU78287GT_Moon2000 Radius_km "[Radius_deg] * 30.323350" VB #</Process></lineage><itemProps><itemName Sync="TRUE">LU78287GT_Moon2000</itemName><nativeExtBox><westBL Sync="TRUE">-179.972656</westBL><eastBL Sync="TRUE">180.000000</eastBL><southBL Sync="TRUE">-89.674798</southBL><northBL Sync="TRUE">89.416602</northBL><exTypeCode Sync="TRUE">1</exTypeCode></nativeExtBox><itemSize Sync="TRUE">2.091</itemSize><itemLocation><linkage Sync="TRUE">file://\\IGSWZAWGWSAG067\F$\GIS_work\GoranSalamuniccar\GoranSalamuniccar_MoonCraters\LU78287GT_GIS\LU78287GT_Moon2000.shp</linkage><protocol Sync="TRUE">Local Area Network</protocol></itemLocation><imsContentType Sync="TRUE" export="False">002</imsContentType></itemProps><coordRef><type Sync="TRUE">Geographic</type><geogcsn Sync="TRUE">GCS_Moon_2000</geogcsn><csUnits Sync="TRUE">Angular Unit: Degree (0.017453)</csUnits><peXml Sync="TRUE">&lt;GeographicCoordinateSystem xsi:type='typens:GeographicCoordinateSystem' xmlns:xsi='http://www.w3.org/2001/XMLSchema-instance' xmlns:xs='http://www.w3.org/2001/XMLSchema' xmlns:typens='http://www.esri.com/schemas/ArcGIS/10.1'&gt;&lt;WKT&gt;GEOGCS[&amp;quot;GCS_Moon_2000&amp;quot;,DATUM[&amp;quot;D_Moon_2000&amp;quot;,SPHEROID[&amp;quot;Moon_2000_IAU_IAG&amp;quot;,1737400.0,0.0]],PRIMEM[&amp;quot;Reference_Meridian&amp;quot;,0.0],UNIT[&amp;quot;Degree&amp;quot;,0.0174532925199433],AUTHORITY[&amp;quot;ESRI&amp;quot;,104903]]&lt;/WKT&gt;&lt;XOrigin&gt;-400&lt;/XOrigin&gt;&lt;YOrigin&gt;-400&lt;/YOrigin&gt;&lt;XYScale&gt;11258999068426.238&lt;/XYScale&gt;&lt;ZOrigin&gt;-100000&lt;/ZOrigin&gt;&lt;ZScale&gt;10000&lt;/ZScale&gt;&lt;MOrigin&gt;-100000&lt;/MOrigin&gt;&lt;MScale&gt;10000&lt;/MScale&gt;&lt;XYTolerance&gt;3.2977886216808065e-008&lt;/XYTolerance&gt;&lt;ZTolerance&gt;0.001&lt;/ZTolerance&gt;&lt;MTolerance&gt;0.001&lt;/MTolerance&gt;&lt;HighPrecision&gt;true&lt;/HighPrecision&gt;&lt;LeftLongitude&gt;-180&lt;/LeftLongitude&gt;&lt;WKID&gt;104903&lt;/WKID&gt;&lt;LatestWKID&gt;104903&lt;/LatestWKID&gt;&lt;/GeographicCoordinateSystem&gt;</peXml></coordRef></DataProperties><SyncDate>20140103</SyncDate><SyncTime>11042600</SyncTime><ModDate>20140103</ModDate><ModTime>11123600</ModTime><scaleRange><minScale>20000000</minScale><maxScale>50000</maxScale></scaleRange><ArcGISProfile>FGDC</ArcGISProfile></Esri><mdContact xmlns=""><rpIndName>Trent Hare</rpIndName><rpOrgName>USGS</rpOrgName><rpPosName>Cartographer</rpPosName><role><RoleCd value="005"/></role><rpCntInfo><cntAddress addressType="physical"><delPoint>2255 North Gemini Drive</delPoint><city>Flagstaff</city><adminArea>AZ</adminArea><postCode>86001</postCode><eMailAdd>thare@usgs.gov</eMailAdd><country>US</country></cntAddress></rpCntInfo></mdContact><dataIdInfo><envirDesc Sync="TRUE">Microsoft Windows 7 Version 6.1 (Build 7601) Service Pack 1; Esri ArcGIS 10.1.1.3143</envirDesc><idCitation xmlns=""><presForm xmlns=""><fgdcGeoform>vector digital data</fgdcGeoform><PresFormCd value="005" Sync="TRUE"/></presForm><resEd>MA132843GT</resEd><otherCitDet>[1] G. Salamunićcar, S. Lončarić, A. Grumpe, C. Wöhler, 2013, Hybrid method for crater detection based on topography reconstruction from optical images and the new LU78287GT catalogue of Lunar impact craters, Advances in Space Research, accepted. URL: http://dx.doi.org/10.1016/j.asr.2013.06.024.</otherCitDet><citRespParty xmlns=""><rpIndName>Goran Salamunićcar</rpIndName><role><RoleCd value="008"/></role><displayName>Goran Salamunićcar</displayName><rpCntInfo xmlns=""><cntAddress addressType="physical"><delPoint>Ivana Zajca 8</delPoint><city>Karlovac</city><eMailAdd>gsc@ieee.org</eMailAdd><country>HR</country><postCode>HR-47000</postCode></cntAddress><cntPhone><voiceNum tddtty="">+385 (0)98 890725</voiceNum></cntPhone></rpCntInfo></citRespParty><resTitle Sync="TRUE">LU78287GT_Moon2000</resTitle></idCitation><idPurp>The catalogue can be used for evaluation of CDAs and other planetary science studies.</idPurp><idAbs>&lt;DIV STYLE="text-align:Left;"&gt;&lt;DIV&gt;&lt;DIV&gt;&lt;P&gt;&lt;SPAN&gt;The catalogues by McDowell, Rodionova, and Head have been integrated with the results of a Crater Shape-based interpolation crater detection algorithm (CDA) and LOLA data, resulting in the initial catalogue with 60,645 Lunar impact craters [2]. Using a Hybrid CDA: a modified DEM (digital elevation map) reconstruction method used as a step in an existing CDA based on Hough transform, the catalogue has been additionally extended using two Chandrayaan-1 Moon Mineralogy Mapper (M3) images and two excerpts of the Lunar Reconnaissance Orbiter (LRO) Wide Angle Camera (WAC) global optical image mosaic. As a result, the number of craters inside these four regions increased considerably from 1754 (as available in the previous LU60645GT catalogue) to 19 396 craters (as available in the resulting new LU78287GT catalogue). The resulting LU78287GT catalogue of 78,287 craters is currently the most complete catalogue of Lunar impact craters. This catalogue is globally complete up to ∼D≥8 km, and for each crater provides at least latitude, longitude, and diameter. In Excel version all attributes from manually assembled catalogues are additionally included, as well as properties computed from the topography (e.g. depth-diameter ratio).&lt;/SPAN&gt;&lt;/P&gt;&lt;/DIV&gt;&lt;/DIV&gt;&lt;/DIV&gt;</idAbs><idCredit>[1] G. Salamunićcar, S. Lončarić, A. Grumpe, C. Wöhler, 2013, Hybrid method for crater detection based on topography reconstruction from optical images and the new LU78287GT catalogue of Lunar impact craters, Advances in Space Research, accepted. URL: http://dx.doi.org/10.1016/j.asr.2013.06.024.
[2] G. Salamunićcar, S. Lončarić, E. Mazarico, 2012, LU60645GT and MA132843GT catalogues of Lunar and Martian impact craters developed using a Crater Shape-based interpolation crater detection algorithm for topography data, Planetary and Space Science, 60 (1): 236-247. URL: http://dx.doi.org/10.1016/j.pss.2011.09.003.</idCredit><resConst><Consts><useLimit>&lt;DIV STYLE="text-align:Left;"&gt;&lt;DIV&gt;&lt;DIV&gt;&lt;P&gt;&lt;SPAN&gt;Please credit authors&lt;/SPAN&gt;&lt;/P&gt;&lt;/DIV&gt;&lt;/DIV&gt;&lt;/DIV&gt;</useLimit></Consts></resConst><dataChar><CharSetCd value="004"/></dataChar><dataScale><scaleDist><value uom="m">2000</value></scaleDist></dataScale><resMaint xmlns=""><maintFreq><MaintFreqCd value="010"/></maintFreq><maintCont xmlns=""><rpIndName>Goran Salamunićcar</rpIndName><role><RoleCd value="008"/></role><displayName>Goran Salamunićcar</displayName><rpCntInfo xmlns=""><cntAddress addressType="physical"><delPoint>Ivana Zajca 8</delPoint><city>Karlovac</city><eMailAdd>gsc@ieee.org</eMailAdd><country>HR</country><postCode>HR-47000</postCode></cntAddress><cntPhone><voiceNum tddtty="">+385 (0)98 890725</voiceNum></cntPhone></rpCntInfo><displayName>Goran Salamunićcar</displayName></maintCont></resMaint><idStatus><ProgCd value="004"/></idStatus><themeKeys xmlns=""><keyword>Craters, Earth, Moon, Luna</keyword></themeKeys><placeKeys xmlns=""><keyword>Earth, Moon, Lunar, Luna, Selena</keyword></placeKeys><dataLang><languageCode value="eng" Sync="TRUE"/><countryCode value="USA" Sync="TRUE"/></dataLang><spatRpType><SpatRepTypCd value="001" Sync="TRUE"/></spatRpType><dataExt><geoEle xmlns=""><GeoBndBox esriExtentType="search"><exTypeCode Sync="TRUE">1</exTypeCode><westBL Sync="TRUE">-179.972656</westBL><eastBL Sync="TRUE">180.000000</eastBL><northBL Sync="TRUE">89.416602</northBL><southBL Sync="TRUE">-89.674798</southBL></GeoBndBox></geoEle></dataExt><idPoC xmlns=""><rpIndName>Goran Salamunićcar</rpIndName><role><RoleCd value="008"/></role><displayName>Goran Salamunićcar</displayName><rpCntInfo xmlns=""><cntAddress addressType="physical"><delPoint>Ivana Zajca 8</delPoint><city>Karlovac</city><eMailAdd>gsc@ieee.org</eMailAdd><country>HR</country><postCode>HR-47000</postCode></cntAddress><cntPhone><voiceNum tddtty="">+385 (0)98 890725</voiceNum></cntPhone></rpCntInfo><displayName>Goran Salamunićcar</displayName></idPoC><tpCat><TopicCatCd value="010"/></tpCat></dataIdInfo><dqInfo xmlns=""><report type="DQCompOm" dimension="horizontal" xmlns=""><measDesc>This catalogue is complete up to ∼D≥8 km.</measDesc></report><report type="DQAbsExtPosAcc" dimension="" xmlns=""><measDesc>Each crater has been included in the catalogue with manually corrected coordinates and radius whenever required, resulting in most of the cases with the horizontal positional accuracy of ±1 pixel.</measDesc></report><report type="DQQuanAttAcc" dimension="" xmlns=""><measDesc>Each crater has been manually checked before inclusion in the catalogue, with corrected coordinates and radius whenever required. Additionally, each crater is double checked to verify it is indeed a crater before inclusion in the GT catalogue, in some cases by two independent teams, in most cases by the CDA on the one hand and a human evaluator on the other.</measDesc></report><dataLineage><statement>G. Salamunićcar, S. Lončarić, E. Mazarico, 2012, LU60645GT and MA132843GT catalogues of Lunar and Martian impact craters developed using a Crater Shape-based interpolation crater detection algorithm for topography data, Planetary and Space Science, 60 (1): 236-247. URL: http://dx.doi.org/10.1016/j.pss.2011.09.003</statement></dataLineage></dqInfo><eainfo><detailed Name="LU78287GT_Moon2000" xmlns=""><enttyp><enttypl Sync="TRUE">LU78287GT_Moon2000</enttypl><enttypt Sync="TRUE">Feature Class</enttypt><enttypc Sync="TRUE">78287</enttypc></enttyp><attr xmlns=""><attrlabl Sync="TRUE">FID</attrlabl><attalias Sync="TRUE">FID</attalias><attrtype Sync="TRUE">OID</attrtype><attwidth Sync="TRUE">4</attwidth><atprecis Sync="TRUE">0</atprecis><attscale Sync="TRUE">0</attscale><attrdef Sync="TRUE">Internal feature number.</attrdef><attrdefs Sync="TRUE">Esri</attrdefs><attrdomv><udom Sync="TRUE">Sequential unique whole numbers that are automatically generated.</udom></attrdomv></attr><attr xmlns=""><attrlabl Sync="TRUE">Shape</attrlabl><attalias Sync="TRUE">Shape</attalias><attrtype Sync="TRUE">Geometry</attrtype><attwidth Sync="TRUE">0</attwidth><atprecis Sync="TRUE">0</atprecis><attscale Sync="TRUE">0</attscale><attrdef Sync="TRUE">Feature geometry.</attrdef><attrdefs Sync="TRUE">Esri</attrdefs><attrdomv><udom Sync="TRUE">Coordinates defining the features.</udom></attrdomv></attr><attr xmlns=""><attrlabl Sync="TRUE">Lon_E</attrlabl><attalias Sync="TRUE">Lon_E</attalias><attrtype Sync="TRUE">Double</attrtype><attwidth Sync="TRUE">16</attwidth><atprecis Sync="TRUE">15</atprecis><attscale Sync="TRUE">6</attscale></attr><attr xmlns=""><attrlabl Sync="TRUE">Lat</attrlabl><attalias Sync="TRUE">Lat</attalias><attrtype Sync="TRUE">Double</attrtype><attwidth Sync="TRUE">16</attwidth><atprecis Sync="TRUE">15</atprecis><attscale Sync="TRUE">6</attscale></attr><attr xmlns=""><attrlabl Sync="TRUE">p</attrlabl><attalias Sync="TRUE">p</attalias><attrtype Sync="TRUE">Double</attrtype><attwidth Sync="TRUE">16</attwidth><atprecis Sync="TRUE">15</atprecis><attscale Sync="TRUE">6</attscale></attr><attr xmlns=""><attrlabl Sync="TRUE">Name</attrlabl><attalias Sync="TRUE">Name</attalias><attrtype Sync="TRUE">String</attrtype><attwidth Sync="TRUE">254</attwidth><atprecis Sync="TRUE">0</atprecis><attscale Sync="TRUE">0</attscale></attr><attr xmlns=""><attrlabl Sync="TRUE">Radius_deg</attrlabl><attalias Sync="TRUE">Radius_deg</attalias><attrtype Sync="TRUE">Double</attrtype><attwidth Sync="TRUE">9</attwidth><atprecis Sync="TRUE">8</atprecis><attscale Sync="TRUE">6</attscale></attr><attr xmlns=""><attrlabl Sync="TRUE">Radius_km</attrlabl><attalias Sync="TRUE">Radius_km</attalias><attrtype Sync="TRUE">Double</attrtype><attwidth Sync="TRUE">11</attwidth><atprecis Sync="TRUE">10</atprecis><attscale Sync="TRUE">6</attscale></attr></detailed></eainfo><mdLang><languageCode value="eng" Sync="TRUE"/><countryCode value="USA" Sync="TRUE"/></mdLang><distInfo xmlns=""><distFormat xmlns=""><formatName Sync="TRUE">Shapefile</formatName><formatVer>1</formatVer></distFormat><distTranOps xmlns=""><transSize Sync="TRUE">2.091</transSize></distTranOps></distInfo><mdHrLv><ScopeCd value="005" Sync="TRUE"/></mdHrLv><mdHrLvName Sync="TRUE">dataset</mdHrLvName><refSysInfo><RefSystem><refSysID><identCode code="104903" Sync="TRUE"/><idCodeSpace Sync="TRUE">ESRI</idCodeSpace><idVersion Sync="TRUE">10.1.1</idVersion></refSysID></RefSystem></refSysInfo><spatRepInfo><VectSpatRep><geometObjs Name="LU78287GT_Moon2000"><geoObjTyp><GeoObjTypCd value="004" Sync="TRUE"/></geoObjTyp><geoObjCnt Sync="TRUE">78287</geoObjCnt></geometObjs><topLvl><TopoLevCd value="001" Sync="TRUE"/></topLvl></VectSpatRep></spatRepInfo><spdoinfo><ptvctinf><esriterm Name="LU78287GT_Moon2000"><efeatyp Sync="TRUE">Simple</efeatyp><efeageom code="1" Sync="TRUE"/><esritopo Sync="TRUE">FALSE</esritopo><efeacnt Sync="TRUE">78287</efeacnt><spindex Sync="TRUE">FALSE</spindex><linrefer Sync="TRUE">FALSE</linrefer></esriterm></ptvctinf></spdoinfo><mdDateSt Sync="TRUE">20140103</mdDateSt><mdMaint xmlns=""><maintFreq><MaintFreqCd value="009"></MaintFreqCd></maintFreq></mdMaint></metadata>
